id,first_name,last_name,email,gender,ip_address
1,Netti,Shawyers,nshawyers0@salon.com,Female,47.17.194.103
2,Midge,Vairow,mvairow1@miibeian.gov.cn,Polygender,146.122.200.48
3,Cathleen,Meiklejohn,cmeiklejohn2@feedburner.com,Agender,187.8.118.182
4,Shayla,Shipton,sshipton3@delicious.com,Female,138.207.220.212
5,Rafa,Rissen,rrissen4@reuters.com,Female,79.90.64.9
6,Jesselyn,Proppers,jproppers5@statcounter.com,Female,18.103.33.230
7,Tyrone,Greveson,tgreveson6@xinhuanet.com,Male,122.38.188.123
8,Othello,Rigden,origden7@naver.com,Male,135.109.133.202
9,Dimitri,Olliar,dolliar8@hugedomains.com,Male,191.121.0.234
10,Anthia,Phillipp,aphillipp9@ucla.edu,Female,214.191.234.91
11,Maureene,O'Dowgaine,modowgainea@redcross.org,Female,101.183.239.223
12,Tallia,Redmain,tredmainb@360.cn,Female,67.100.160.149
13,Margalo,Oxbrough,moxbroughc@facebook.com,Female,126.53.232.1
14,Marty,Grastye,mgrastyed@wordpress.org,Male,181.42.172.156
15,Lou,Wattins,lwattinse@timesonline.co.uk,Male,62.141.81.174
16,Jaine,Vallender,jvallenderf@lycos.com,Female,206.73.53.174
17,Isaak,Rammell,irammellg@vistaprint.com,Male,124.227.187.50
18,Kaitlynn,Morteo,kmorteoh@mac.com,Female,162.74.82.189
19,Lion,Dumphrey,ldumphreyi@wordpress.com,Male,66.123.73.251
20,Donielle,Bourgaize,dbourgaizej@google.com,Female,127.201.71.243
21,Manolo,Derye-Barrett,mderyebarrettk@myspace.com,Male,233.95.232.192
22,Marni,Doughartie,mdoughartiel@ovh.net,Female,231.107.131.142
23,Kendrick,Keeton,kkeetonm@gnu.org,Male,137.2.165.186
24,Lucille,Rayson,lraysonn@w3.org,Female,52.253.0.166
25,Sabra,Cottingham,scottinghamo@163.com,Female,38.191.215.17
26,Kaiser,Fullegar,kfullegarp@cpanel.net,Non-binary,73.208.226.12
27,Breena,Godson,bgodsonq@economist.com,Female,46.165.59.206
28,Pearline,Stoeck,pstoeckr@g.co,Female,241.240.89.136
29,Heywood,Hundley,hhundleys@unc.edu,Male,93.31.184.186
30,Rurik,Zaniolini,rzaniolinit@yale.edu,Male,30.135.61.254
31,Donaugh,O'Monahan,domonahanu@ustream.tv,Male,201.31.52.229
32,Darb,Bonas,dbonasv@sphinn.com,Male,164.209.123.35
33,Arnuad,Bonwick,abonwickw@google.pl,Male,196.224.118.97
34,Nicolais,Gentle,ngentlex@skyrock.com,Male,208.69.166.153
35,Lexine,Kilcullen,lkilculleny@mapquest.com,Female,228.129.168.211
36,Philippe,Burnside,pburnsidez@youtube.com,Female,219.22.72.247
37,Storm,Seaton,sseaton10@huffingtonpost.com,Female,73.151.233.113
38,Rawley,Ruller,rruller11@tripadvisor.com,Male,141.113.173.161
39,Aleda,Amery,aamery12@plala.or.jp,Female,76.185.64.73
40,Sebastian,Goodfellowe,sgoodfellowe13@google.fr,Male,182.211.150.40
41,Ben,Motten,bmotten14@yahoo.co.jp,Male,210.200.97.246
42,Iorgo,Mitro,imitro15@quantcast.com,Male,78.86.128.117
43,Minor,Warratt,mwarratt16@deviantart.com,Male,115.104.35.67
44,Yoko,Adamek,yadamek17@telegraph.co.uk,Female,111.107.8.109
45,Jonathon,Tomkowicz,jtomkowicz18@homestead.com,Male,94.206.184.176
46,Russell,Frays,rfrays19@icq.com,Male,11.146.21.135
47,Giavani,Cantopher,gcantopher1a@yahoo.co.jp,Non-binary,18.208.223.57
48,Tobias,Dugan,tdugan1b@sitemeter.com,Male,2.226.210.75
49,Kassandra,Deval,kdeval1c@biglobe.ne.jp,Female,46.93.77.195
50,Hedvig,Hollingshead,hhollingshead1d@dyndns.org,Female,99.90.72.51
